ViolationID,VehicleID,ViolationType,Severity,Timestamp,LocationID,Latitude,Longitude
V1,VH9033,Seat Belt Violation,Low,2024-01-19 02:17:00,L24,17.37194077973747,78.47284514333059
V2,VH4563,Signal Jump,Medium,2024-01-10 21:11:00,L11,17.409605439906237,78.46007601077572
V3,VH1140,Overspeeding,High,2024-02-24 18:22:00,L5,17.4219366791152,78.49755503871235
V4,VH2871,Seat Belt Violation,Medium,2024-02-27 13:43:00,L1,17.352878112752062,78.52316392699095
V5,VH4831,Wrong Parking,Low,2024-01-26 23:01:00,L21,17.41502206693081,78.4476126160463
V6,VH5632,Wrong Parking,Medium,2024-02-05 11:01:00,L30,17.350324801532818,78.48260956702937
V7,VH1920,No Helmet,Medium,2024-02-05 11:00:00,L24,17.367054099465143,78.47113031275624
V8,VH2678,Signal Jump,High,2024-02-16 18:54:00,L30,17.36007030445952,78.52572667509372
V9,VH9517,No Helmet,High,2024-01-15 17:36:00,L2,17.381663139641024,78.47252103356355
V10,VH6772,No Helmet,High,2024-02-12 07:11:00,L24,17.379702345136618,78.46952650437005
V11,VH7836,No Helmet,Medium,2024-02-07 10:18:00,L20,17.382188174633797,78.46465357898086
V12,VH8617,Wrong Parking,High,2024-03-09 13:39:00,L7,17.431180683233727,78.51414139081633
V13,VH6491,No Helmet,High,2024-03-04 06:43:00,L6,17.349078461074587,78.49880043928627
V14,VH9882,Overspeeding,Low,2024-01-18 02:59:00,L14,17.367637477485964,78.4478801413394
V15,VH2686,Signal Jump,Low,2024-02-19 21:38:00,L30,17.335351924873383,78.52055967490871
V16,VH2364,Signal Jump,Low,2024-01-15 10:56:00,L12,17.343202504276466,78.53409896252562
V17,VH4629,Seat Belt Violation,Medium,2024-03-06 19:42:00,L26,17.345423640276067,78.47514744921439
V18,VH5283,Signal Jump,Low,2024-02-16 06:22:00,L25,17.34200927120925,78.46389941540777
V19,VH9690,No Helmet,High,2024-02-17 21:54:00,L22,17.39785477375475,78.5245253952331
V20,VH7151,Wrong Parking,Medium,2024-02-11 12:58:00,L9,17.376837866560077,78.53367406962728
V21,VH8022,Signal Jump,Medium,2024-03-02 04:47:00,L3,17.365041486970785,78.4368670635667
V22,VH6988,Overspeeding,Low,2024-01-18 00:44:00,L1,17.425992385873055,78.44348978674634
V23,VH6387,Wrong Parking,Medium,2024-02-14 15:31:00,L26,17.432351038209422,78.45590076803751
V24,VH9781,Seat Belt Violation,Low,2024-01-20 11:39:00,L17,17.378199007782253,78.51964501517315
V25,VH8455,Seat Belt Violation,High,2024-01-16 14:06:00,L4,17.364341297685826,78.50491915815745
V26,VH7540,No Helmet,Medium,2024-02-28 03:25:00,L2,17.359065593084487,78.46452991339166
V27,VH3797,No Helmet,Medium,2024-03-01 01:14:00,L21,17.42096140751362,78.5061213592537
V28,VH6938,Seat Belt Violation,Medium,2024-01-30 09:26:00,L20,17.408037229545318,78.45622481377875
V29,VH3282,Signal Jump,Low,2024-03-06 07:54:00,L18,17.408544890629603,78.49090733159838
V30,VH4266,Signal Jump,Medium,2024-02-20 13:19:00,L4,17.379902606929164,78.51504449687343
V31,VH6638,Wrong Parking,Medium,2024-02-19 17:18:00,L15,17.427770968954786,78.53434843532858
V32,VH1509,Overspeeding,High,2024-02-11 21:32:00,L4,17.398549388833707,78.50363025484721
V33,VH1493,No Helmet,Medium,2024-02-11 07:18:00,L23,17.411505942566684,78.4705334262466
V34,VH9688,Overspeeding,Medium,2024-02-12 21:08:00,L14,17.416908968287323,78.48400729017926
V35,VH1581,Wrong Parking,Low,2024-03-01 04:12:00,L4,17.403399313221872,78.49861229270272
V36,VH6035,Wrong Parking,High,2024-02-24 17:06:00,L7,17.39608276624749,78.44724260330483
V37,VH7990,Signal Jump,Low,2024-02-17 00:11:00,L4,17.381546153629877,78.53463337306218
V38,VH5591,Signal Jump,Low,2024-02-02 03:29:00,L14,17.41845074060748,78.46345618495607
V39,VH7567,Seat Belt Violation,Medium,2024-02-17 17:27:00,L16,17.399841815053776,78.49884931894036
V40,VH3136,Seat Belt Violation,High,2024-01-31 09:14:00,L24,17.350857073907985,78.48918950809299
V41,VH8674,Seat Belt Violation,Medium,2024-01-07 04:20:00,L10,17.379906012218125,78.43855201880561
V42,VH5196,No Helmet,Low,2024-01-27 04:14:00,L25,17.371907512258904,78.5217859398923
V43,VH5053,Overspeeding,High,2024-03-03 08:17:00,L19,17.402227825394263,78.52990697954439
V44,VH2638,Wrong Parking,High,2024-01-12 01:40:00,L13,17.372840073737624,78.45494410751853
V45,VH2317,Overspeeding,Medium,2024-03-06 12:39:00,L11,17.399747419103907,78.44637710241183
V46,VH8276,Overspeeding,High,2024-02-04 10:39:00,L23,17.394049014644498,78.47700362986191
V47,VH9490,Seat Belt Violation,High,2024-01-24 00:16:00,L30,17.352375804099342,78.46618908001481
V48,VH7803,Wrong Parking,High,2024-02-11 01:29:00,L1,17.337195634383075,78.50484661850719
V49,VH1190,Wrong Parking,High,2024-02-26 13:10:00,L19,17.347249511773246,78.48148542686134
V50,VH8529,Overspeeding,High,2024-01-24 16:56:00,L21,17.385641365946753,78.45471248112472
V51,VH5013,No Helmet,High,2024-02-28 12:36:00,L15,17.4016223581034,78.47075191351509
V52,VH2536,Wrong Parking,Low,2024-02-10 11:59:00,L4,17.394974090288454,78.46057056353033
V53,VH4036,Signal Jump,Low,2024-01-25 04:32:00,L25,17.373139455658297,78.46429108347539
V54,VH3255,Wrong Parking,Low,2024-03-01 03:21:00,L24,17.39737758217005,78.53644323449042
V55,VH1634,Signal Jump,High,2024-02-01 15:07:00,L12,17.4057351704716,78.44273908889483
V56,VH4223,Overspeeding,Low,2024-01-06 21:45:00,L26,17.423032620457924,78.53098014234222
V57,VH4879,Overspeeding,High,2024-02-04 03:43:00,L11,17.381529094211327,78.448111608218
V58,VH8985,Wrong Parking,Medium,2024-02-01 16:42:00,L14,17.432387244633514,78.44259145424869
V59,VH9268,Signal Jump,Medium,2024-02-09 12:06:00,L4,17.338552797019204,78.48943255314819
V60,VH6123,No Helmet,High,2024-02-05 11:00:00,L27,17.408116918351514,78.46474730312863
V61,VH4919,Overspeeding,High,2024-03-09 23:46:00,L21,17.405733378577708,78.46275157929901
V62,VH9559,Overspeeding,High,2024-01-28 20:16:00,L12,17.37116687137212,78.5034710615936
V63,VH1478,Signal Jump,Low,2024-02-10 02:06:00,L3,17.42704725104065,78.51813399955675
V64,VH2322,Seat Belt Violation,High,2024-01-13 22:42:00,L17,17.398523484156936,78.51377697806964
V65,VH5250,Wrong Parking,High,2024-02-07 23:31:00,L12,17.35235451678984,78.44893100867597
V66,VH3679,No Helmet,Medium,2024-01-18 19:48:00,L11,17.397140357250848,78.44940728160759
V67,VH9259,No Helmet,High,2024-01-15 12:22:00,L11,17.426071377901728,78.50871281443861
V68,VH1327,Seat Belt Violation,Low,2024-02-06 15:09:00,L21,17.411885585983637,78.4914239747202
V69,VH6402,Wrong Parking,High,2024-02-09 16:37:00,L22,17.41254827864113,78.43747993425441
V70,VH1456,Signal Jump,High,2024-03-06 00:00:00,L28,17.351722627381978,78.44840189976922
V71,VH5722,Signal Jump,High,2024-01-23 02:14:00,L7,17.352691240255165,78.5253299053426
V72,VH1061,Signal Jump,Low,2024-02-16 04:37:00,L23,17.424146873645732,78.50737689576663
V73,VH3965,Overspeeding,High,2024-01-25 01:18:00,L9,17.356996017150763,78.45193895007831
V74,VH7591,No Helmet,Medium,2024-02-19 00:32:00,L21,17.35674708981252,78.51025514969587
V75,VH2152,Wrong Parking,High,2024-01-26 17:29:00,L13,17.35889332649646,78.4410265341406
V76,VH9756,Seat Belt Violation,Low,2024-02-04 12:08:00,L5,17.398862486342942,78.46971848887829
V77,VH8023,No Helmet,Low,2024-03-02 10:16:00,L7,17.425936732676988,78.52432911775198
V78,VH9697,Wrong Parking,Low,2024-01-22 19:13:00,L8,17.381774458601257,78.47105661561002
V79,VH4232,Overspeeding,High,2024-02-26 02:12:00,L6,17.385035286367074,78.53273495552901
V80,VH4743,Wrong Parking,High,2024-01-22 18:43:00,L29,17.360790661010704,78.45878827091269
V81,VH8071,Signal Jump,Medium,2024-03-02 01:50:00,L24,17.41605500204983,78.52595610551609
V82,VH8061,No Helmet,Medium,2024-01-25 13:27:00,L4,17.401636629274027,78.46129266261902
V83,VH2060,Signal Jump,Medium,2024-02-01 21:27:00,L27,17.35322509995842,78.44928506413815
V84,VH8670,Wrong Parking,Low,2024-01-08 08:51:00,L27,17.396559188953105,78.51454149390572
V85,VH9774,Wrong Parking,High,2024-02-10 07:14:00,L30,17.339094151103193,78.4378743463162
V86,VH2693,Seat Belt Violation,High,2024-02-15 22:13:00,L4,17.415248277537675,78.53646435400367
V87,VH6793,Wrong Parking,Medium,2024-01-19 17:00:00,L7,17.411309301236486,78.53231730149416
V88,VH4187,Overspeeding,Low,2024-01-26 22:39:00,L18,17.3515799212452,78.48478542656459
V89,VH2838,Overspeeding,Low,2024-02-05 20:48:00,L5,17.42822805297565,78.46766822072672
V90,VH6426,No Helmet,Medium,2024-01-29 05:53:00,L29,17.363667430563936,78.49607628073609
V91,VH7774,Wrong Parking,Medium,2024-03-07 10:59:00,L7,17.3892294645241,78.49701781718147
V92,VH4075,No Helmet,High,2024-03-02 17:19:00,L26,17.380186310589565,78.48025558819225
V93,VH6107,Wrong Parking,Low,2024-01-21 22:58:00,L28,17.423407328366725,78.53508585351696
V94,VH8514,Seat Belt Violation,High,2024-02-22 04:14:00,L27,17.379992123035304,78.44974448730805
V95,VH9483,Seat Belt Violation,Low,2024-01-28 12:54:00,L21,17.397596133362804,78.45079166969244
V96,VH4271,No Helmet,High,2024-02-07 11:19:00,L22,17.39029110557093,78.53307909620737
V97,VH8038,Wrong Parking,High,2024-01-30 00:59:00,L17,17.37158292192307,78.49009286327122
V98,VH1385,Seat Belt Violation,Medium,2024-01-02 16:30:00,L2,17.390747082433027,78.5283795787369
V99,VH2921,No Helmet,High,2024-01-26 12:30:00,L25,17.40426752814006,78.47999330694623
V100,VH7721,Seat Belt Violation,Low,2024-01-09 01:14:00,L19,17.364824518035263,78.44512181947884
V101,VH2785,Overspeeding,Medium,2024-02-18 21:27:00,L24,17.382663928603616,78.49633682837153
V102,VH8693,Wrong Parking,Low,2024-02-21 11:11:00,L13,17.381643296304087,78.46238514742288
V103,VH6390,Signal Jump,High,2024-01-17 00:33:00,L13,17.41552230974602,78.46794946362331
V104,VH3982,Overspeeding,Medium,2024-03-04 00:15:00,L9,17.393501804626734,78.48569947802063
V105,VH6609,Wrong Parking,Low,2024-01-28 22:09:00,L11,17.42563998780743,78.49177214311968
V106,VH9924,Wrong Parking,Medium,2024-02-09 16:10:00,L29,17.383078566736053,78.43743599853065
V107,VH6895,Signal Jump,Low,2024-02-03 21:54:00,L20,17.364145550536474,78.49284950542231
V108,VH3818,No Helmet,Low,2024-01-05 23:06:00,L26,17.39337108724084,78.45772969034967
V109,VH4766,No Helmet,Low,2024-02-03 15:09:00,L3,17.393742717217986,78.49059493709568
V110,VH1728,No Helmet,Low,2024-01-16 03:14:00,L29,17.335915879556783,78.44912914932405
V111,VH9334,No Helmet,Medium,2024-01-05 19:28:00,L16,17.338929709765374,78.49825314522131
V112,VH5408,No Helmet,High,2024-02-19 04:44:00,L2,17.432702212382296,78.48729346661847
V113,VH8631,Overspeeding,Medium,2024-02-29 03:32:00,L3,17.419831867769773,78.45647854108292
V114,VH9057,No Helmet,High,2024-01-12 18:12:00,L30,17.42689263708629,78.47383059741247
V115,VH9371,Signal Jump,Low,2024-01-31 21:35:00,L6,17.33812591438819,78.49824097856606
V116,VH3083,Overspeeding,Low,2024-01-12 21:34:00,L15,17.339407709198753,78.5103103490529
V117,VH9480,No Helmet,High,2024-01-20 13:24:00,L20,17.361735353918252,78.46472106702664
V118,VH6768,No Helmet,High,2024-02-20 11:13:00,L5,17.428955813973456,78.47255857514673
V119,VH2876,Seat Belt Violation,Medium,2024-01-24 07:49:00,L4,17.385663529116826,78.47753584752313
V120,VH8043,Signal Jump,High,2024-03-02 13:43:00,L2,17.425729555272763,78.50073101204912
V121,VH2415,Wrong Parking,Medium,2024-01-05 15:33:00,L13,17.345766910432346,78.46802603270099
V122,VH1013,Overspeeding,Low,2024-02-06 09:15:00,L21,17.335771890502397,78.52516128552875
V123,VH9376,Overspeeding,Medium,2024-03-10 04:24:00,L2,17.398416871309784,78.45108388889018
V124,VH1199,Overspeeding,High,2024-01-15 07:37:00,L22,17.341268850565513,78.47677448719207
V125,VH2656,No Helmet,Low,2024-01-10 16:02:00,L9,17.3744781700211,78.51208127537747
V126,VH4702,No Helmet,Low,2024-02-23 04:50:00,L25,17.429113411427544,78.45283601781999
V127,VH1229,Wrong Parking,High,2024-02-23 18:51:00,L2,17.385389069338064,78.451064504668
V128,VH8455,Wrong Parking,Medium,2024-01-18 04:52:00,L18,17.351934989286157,78.44645591274019
V129,VH8069,Wrong Parking,Medium,2024-01-04 20:48:00,L21,17.38447590858988,78.44125556425186
V130,VH8009,Wrong Parking,High,2024-02-28 10:38:00,L9,17.339537064498117,78.52295938700429
V131,VH5911,Seat Belt Violation,High,2024-02-15 16:19:00,L23,17.410791879832733,78.44625186819464
V132,VH9725,Wrong Parking,High,2024-03-01 04:10:00,L6,17.43393092309034,78.50451600530882
V133,VH7955,Seat Belt Violation,High,2024-01-20 02:07:00,L4,17.36726393653008,78.45186801746459
V134,VH8151,Wrong Parking,Low,2024-03-09 13:22:00,L1,17.420625892463338,78.49701914967594
V135,VH2648,Overspeeding,Low,2024-01-27 21:57:00,L28,17.409938439506828,78.51651168653643
V136,VH7841,Overspeeding,Medium,2024-01-21 00:43:00,L19,17.342650413636886,78.5005146950601
V137,VH2157,Seat Belt Violation,Medium,2024-01-25 01:58:00,L19,17.351283357611592,78.48382509626866
V138,VH4958,Signal Jump,Low,2024-02-08 05:56:00,L19,17.348205668961445,78.45447362176971
V139,VH4246,Signal Jump,Medium,2024-03-02 07:34:00,L11,17.343389691439693,78.45993515242768
V140,VH7809,Signal Jump,Low,2024-01-03 04:51:00,L23,17.360581284021674,78.52740851086295
V141,VH9688,No Helmet,Low,2024-01-03 04:27:00,L11,17.392512680983277,78.46352913877219
V142,VH2658,Wrong Parking,Medium,2024-01-06 10:17:00,L16,17.412356451783417,78.45963735222392
V143,VH6966,Wrong Parking,Low,2024-03-02 22:41:00,L13,17.363899228637692,78.44197667817595
V144,VH3904,Wrong Parking,High,2024-02-24 20:19:00,L18,17.409784608631423,78.46116186784853
V145,VH1414,Overspeeding,High,2024-02-20 19:23:00,L6,17.364517459895595,78.50669597024806
V146,VH8432,No Helmet,High,2024-02-18 20:35:00,L6,17.361939528322957,78.50459668275121
V147,VH5002,Signal Jump,Low,2024-03-07 16:58:00,L2,17.352583985519846,78.46063633501132
V148,VH6404,Signal Jump,Low,2024-02-04 11:55:00,L13,17.356243945713345,78.5340092557895
V149,VH8411,No Helmet,Medium,2024-02-23 06:09:00,L15,17.3604116239533,78.49072754546405
V150,VH2094,No Helmet,High,2024-01-01 13:37:00,L18,17.355171751128278,78.4843623362792
V151,VH3749,Wrong Parking,High,2024-01-27 17:21:00,L6,17.361866125067152,78.51765330689447
V152,VH7619,Wrong Parking,High,2024-02-01 12:57:00,L8,17.377810355679266,78.52195426506793
V153,VH4476,Overspeeding,Low,2024-02-12 23:03:00,L5,17.362881914087136,78.50550326350138
V154,VH2246,Overspeeding,Low,2024-02-20 14:14:00,L19,17.418386964703156,78.44623335407314
V155,VH3182,Wrong Parking,Medium,2024-01-21 13:57:00,L22,17.404166847255183,78.43995095109835
V156,VH8614,Wrong Parking,Medium,2024-01-10 07:45:00,L19,17.37227039724045,78.50404779151721
V157,VH3799,No Helmet,Low,2024-02-02 09:47:00,L4,17.417167960604864,78.46304097736862
V158,VH8427,Seat Belt Violation,Low,2024-02-17 05:31:00,L25,17.36331152590545,78.44599430548534
V159,VH2478,Overspeeding,Medium,2024-01-18 18:57:00,L25,17.346756073698383,78.44787040616785
V160,VH4730,No Helmet,Low,2024-02-21 12:23:00,L5,17.41979293653878,78.47844246035423
V161,VH3526,No Helmet,Medium,2024-01-25 05:49:00,L8,17.401750893897173,78.44659425900137
V162,VH2205,Seat Belt Violation,Low,2024-01-30 04:08:00,L20,17.342051401889236,78.50675373239913
V163,VH1423,Signal Jump,High,2024-02-02 12:06:00,L8,17.42212945451307,78.47711527837006
V164,VH9818,Overspeeding,Low,2024-02-29 10:54:00,L30,17.379152029369433,78.45553561441528
V165,VH9859,Seat Belt Violation,Low,2024-03-09 18:21:00,L21,17.372566723006965,78.45352350358664
V166,VH7930,No Helmet,Low,2024-01-12 00:35:00,L3,17.41941394237598,78.43690695255196
V167,VH9126,Overspeeding,High,2024-01-18 12:24:00,L18,17.353760225498153,78.45222162180221
V168,VH9820,No Helmet,Low,2024-01-04 20:45:00,L29,17.377974653200322,78.45290195507529
V169,VH4230,Wrong Parking,High,2024-02-05 07:58:00,L25,17.368147360515394,78.50553901062943
V170,VH6768,No Helmet,High,2024-03-05 05:21:00,L22,17.394853315633682,78.49171314925248
V171,VH7160,Seat Belt Violation,High,2024-01-24 03:19:00,L15,17.37290496592198,78.46302528351785
V172,VH5198,Overspeeding,Low,2024-02-02 18:28:00,L1,17.345857314452928,78.52501797004743
V173,VH1208,Overspeeding,Medium,2024-03-02 01:25:00,L23,17.375790220689986,78.46943180127174
V174,VH9866,Seat Belt Violation,Medium,2024-03-09 07:46:00,L14,17.339337952615264,78.45789676911735
V175,VH1443,Wrong Parking,Medium,2024-02-06 04:04:00,L4,17.337420145948382,78.44885718408092
V176,VH5622,No Helmet,Medium,2024-02-10 23:08:00,L21,17.415171708998727,78.46570226928516
V177,VH5772,Overspeeding,Low,2024-01-09 13:10:00,L15,17.407455377911216,78.44874981532477
V178,VH1750,Wrong Parking,Medium,2024-01-31 16:38:00,L29,17.364471659710723,78.4468305609899
V179,VH9615,Overspeeding,Low,2024-02-25 04:54:00,L6,17.371048893795056,78.44025583435362
V180,VH5453,No Helmet,Medium,2024-02-18 15:47:00,L4,17.413099478759747,78.45567676836706
V181,VH1002,No Helmet,Medium,2024-01-09 14:25:00,L6,17.338615717727723,78.53400455031851
V182,VH6798,Seat Belt Violation,High,2024-01-09 18:45:00,L17,17.431409337531512,78.44590273574111
V183,VH7128,No Helmet,Medium,2024-01-07 05:33:00,L24,17.37088222688649,78.44238804164256
V184,VH7592,No Helmet,High,2024-01-07 05:39:00,L12,17.426202123389537,78.43698732193309
V185,VH8810,Seat Belt Violation,High,2024-01-08 09:52:00,L18,17.366450237250998,78.512904831235
V186,VH5148,Overspeeding,Medium,2024-01-29 15:16:00,L14,17.40683443676389,78.45135836166159
V187,VH7779,Signal Jump,High,2024-02-25 15:23:00,L19,17.362555031065373,78.48735653481326
V188,VH1086,Seat Belt Violation,Medium,2024-03-09 02:43:00,L29,17.434473662710566,78.48145186491463
V189,VH8219,Seat Belt Violation,Low,2024-03-04 02:14:00,L23,17.422635441202655,78.48652903456764
V190,VH4379,Overspeeding,Medium,2024-02-13 04:05:00,L1,17.41196857900374,78.53509090531443
V191,VH9181,Signal Jump,Low,2024-01-18 22:14:00,L8,17.364630201705687,78.49531974267433
V192,VH2724,No Helmet,High,2024-02-01 09:48:00,L22,17.369050278264083,78.52968571073046
V193,VH3357,Wrong Parking,Medium,2024-01-06 14:03:00,L6,17.380419304473204,78.52789907485418
V194,VH6000,Wrong Parking,Medium,2024-02-21 00:54:00,L10,17.377041894474587,78.49219495105109
V195,VH5159,Wrong Parking,Medium,2024-03-09 04:41:00,L2,17.403832499511793,78.51620768940008
V196,VH3149,Wrong Parking,Low,2024-01-05 19:44:00,L1,17.369156413168568,78.51061461840786
V197,VH4273,Wrong Parking,Medium,2024-01-15 05:55:00,L4,17.396872193415177,78.52076073283482
V198,VH7393,Overspeeding,High,2024-01-20 17:16:00,L25,17.358655012348464,78.44773058960492
V199,VH7843,Signal Jump,Medium,2024-03-09 23:28:00,L15,17.34017138277898,78.5025454241447
V200,VH7372,Signal Jump,High,2024-02-10 10:56:00,L20,17.38313937230058,78.48924885373224
V201,VH1184,No Helmet,High,2024-01-22 21:13:00,L16,17.3867783710033,78.50211859253012
V202,VH9333,Signal Jump,High,2024-02-29 08:46:00,L22,17.357633028695215,78.53399469943378
V203,VH3083,Seat Belt Violation,Low,2024-01-06 03:17:00,L16,17.357952404962344,78.44837590212282
V204,VH3629,Wrong Parking,Medium,2024-02-12 16:57:00,L4,17.41487077979026,78.53087559954432
V205,VH9149,Wrong Parking,High,2024-01-16 14:06:00,L14,17.3969866164881,78.43772371387132
V206,VH6328,No Helmet,Medium,2024-02-11 01:17:00,L9,17.36196337488339,78.52909738807278
V207,VH5131,Signal Jump,Medium,2024-02-16 22:45:00,L24,17.389301113784907,78.50174814550482
V208,VH5993,Overspeeding,Low,2024-01-12 17:59:00,L10,17.366359642352194,78.45882819714618
V209,VH3396,Wrong Parking,Low,2024-01-16 23:57:00,L9,17.420841314293448,78.48761752260963
V210,VH2632,Wrong Parking,Medium,2024-01-22 12:01:00,L8,17.37613893932543,78.46828388379026
V211,VH5870,Seat Belt Violation,Low,2024-02-25 09:08:00,L29,17.41427787676962,78.49575474146165
V212,VH8446,No Helmet,Medium,2024-02-17 10:38:00,L19,17.392762049793767,78.50236140604179
V213,VH8417,Wrong Parking,High,2024-02-06 10:26:00,L26,17.41228813135883,78.47352112672445
V214,VH8413,Signal Jump,High,2024-01-14 04:37:00,L25,17.393468057099668,78.49808692158162
V215,VH8959,Signal Jump,Medium,2024-01-01 13:41:00,L7,17.33967605280077,78.43739465162058
V216,VH6500,Overspeeding,Medium,2024-03-08 03:24:00,L26,17.366925205641746,78.468281734104
V217,VH4480,Signal Jump,High,2024-01-09 12:22:00,L2,17.40121701723526,78.48069245617724
V218,VH9420,Overspeeding,High,2024-02-27 13:08:00,L22,17.389823023841988,78.49925002285768
V219,VH3367,Wrong Parking,Medium,2024-01-20 05:47:00,L18,17.36255192746452,78.44724509798729
V220,VH1533,No Helmet,High,2024-01-23 06:07:00,L14,17.420418909041203,78.49166680107005
V221,VH6674,Seat Belt Violation,Low,2024-01-09 08:17:00,L16,17.347492711519696,78.48635295421668
V222,VH8042,Wrong Parking,High,2024-02-17 03:35:00,L10,17.36237760720733,78.52195323412977
V223,VH3277,Wrong Parking,Medium,2024-02-22 23:20:00,L26,17.358143742628876,78.53212634224788
V224,VH3154,No Helmet,High,2024-02-02 16:19:00,L26,17.43043205759413,78.51218886018331
V225,VH5508,Seat Belt Violation,Low,2024-01-10 19:50:00,L21,17.370134440378475,78.47910594869944
V226,VH1573,Wrong Parking,High,2024-02-04 16:32:00,L26,17.386954526975607,78.5249415769844
V227,VH1782,Seat Belt Violation,High,2024-01-05 00:12:00,L6,17.414358790224256,78.44816031369064
V228,VH4667,Signal Jump,Low,2024-02-06 17:14:00,L22,17.374321816836744,78.53110145421445
V229,VH2723,Seat Belt Violation,High,2024-01-09 13:35:00,L26,17.352732566934883,78.48635930529939
V230,VH4178,Signal Jump,High,2024-01-16 05:39:00,L20,17.365454966850027,78.52457449713256
V231,VH6098,Signal Jump,Medium,2024-02-15 20:41:00,L25,17.353818259658993,78.53181992901126
V232,VH8889,Overspeeding,High,2024-02-14 12:55:00,L23,17.41643040082678,78.521358446797
V233,VH4743,Overspeeding,High,2024-01-07 13:40:00,L17,17.35680318420445,78.44999237452085
V234,VH5702,No Helmet,Low,2024-01-21 19:13:00,L1,17.34708056099637,78.49612560951702
V235,VH6457,Overspeeding,Low,2024-02-20 15:38:00,L25,17.36315611315962,78.4680404401642
V236,VH8324,No Helmet,Low,2024-03-06 15:18:00,L2,17.37311849713259,78.52327942714467
V237,VH3060,Signal Jump,High,2024-02-17 16:51:00,L2,17.425205264908257,78.51302705793904
V238,VH5335,Overspeeding,Low,2024-02-22 21:56:00,L29,17.38998715855305,78.4921394039575
V239,VH5369,No Helmet,Medium,2024-02-01 15:36:00,L4,17.393897283502827,78.51963891855326
V240,VH6636,Seat Belt Violation,Medium,2024-02-15 23:36:00,L5,17.429278805058047,78.43901750927728
V241,VH2110,Signal Jump,High,2024-03-09 06:25:00,L9,17.34653914440436,78.52303222704516
V242,VH8763,Signal Jump,Low,2024-03-06 06:57:00,L17,17.430102571896526,78.43800437423596
V243,VH9696,No Helmet,High,2024-03-04 14:24:00,L25,17.422914776461152,78.47318074774651
V244,VH9837,Seat Belt Violation,Low,2024-01-13 18:33:00,L23,17.428919797157278,78.51838892447101
V245,VH1191,No Helmet,Low,2024-02-15 23:31:00,L26,17.337412653670704,78.52647579727407
V246,VH9828,Signal Jump,High,2024-02-03 08:38:00,L2,17.415807718500155,78.47774212450294
V247,VH3256,Overspeeding,Medium,2024-01-15 14:53:00,L19,17.392965063120588,78.46526631734214
V248,VH5135,Wrong Parking,High,2024-03-02 00:25:00,L17,17.353778048503678,78.47916442689613
V249,VH3444,Seat Belt Violation,High,2024-01-11 23:21:00,L3,17.418819405615693,78.43677544790532
V250,VH5951,Wrong Parking,Medium,2024-01-21 10:31:00,L20,17.355933462701785,78.45739648374615
V251,VH5493,Overspeeding,Medium,2024-02-02 05:15:00,L11,17.365135011270155,78.45130418851093
V252,VH7761,Seat Belt Violation,Medium,2024-03-01 06:02:00,L7,17.42723474780455,78.46801546768448
V253,VH6483,Seat Belt Violation,Low,2024-01-25 00:31:00,L6,17.363092837786148,78.52854859014859
V254,VH3221,Signal Jump,Low,2024-01-26 05:37:00,L30,17.401893912369385,78.51824677761584
V255,VH5103,Wrong Parking,Medium,2024-01-03 23:13:00,L3,17.420614234964212,78.5104404532253
V256,VH1432,Overspeeding,Medium,2024-02-27 15:11:00,L16,17.35999756107842,78.49878240287799
V257,VH3918,Wrong Parking,High,2024-03-08 00:42:00,L2,17.414685292028473,78.52142358534121
V258,VH6841,Overspeeding,Low,2024-02-13 12:58:00,L4,17.418592719030027,78.44850706520616
V259,VH4442,Signal Jump,Medium,2024-02-20 06:47:00,L20,17.39346065220049,78.48095882089959
V260,VH9215,No Helmet,High,2024-03-06 03:57:00,L18,17.38295881880194,78.51234868224043
V261,VH7101,No Helmet,Low,2024-02-27 23:49:00,L22,17.380363588353937,78.45967956204728
V262,VH7116,Seat Belt Violation,Medium,2024-02-19 16:58:00,L28,17.355798860590692,78.46247811713219
V263,VH6887,Wrong Parking,High,2024-02-07 18:38:00,L11,17.410173848613844,78.43791395424914
V264,VH6093,Seat Belt Violation,Low,2024-02-28 07:14:00,L1,17.424060155251833,78.52053220765073
V265,VH5491,Signal Jump,High,2024-01-29 07:03:00,L13,17.39582454381898,78.4725642488527
V266,VH8973,No Helmet,Medium,2024-02-21 02:56:00,L4,17.388040689176993,78.46634089827037
V267,VH1483,Wrong Parking,Low,2024-02-02 21:04:00,L19,17.356005901025863,78.48931213434275
V268,VH5457,Seat Belt Violation,High,2024-02-04 20:22:00,L16,17.391055401430748,78.52851554616159
V269,VH7387,Overspeeding,High,2024-01-14 12:25:00,L21,17.338720026168325,78.44108475865029
V270,VH1672,No Helmet,High,2024-02-06 19:35:00,L12,17.37577222113826,78.51749121911652
V271,VH3319,No Helmet,Medium,2024-02-29 08:17:00,L8,17.343102465479433,78.46240232645255
V272,VH2364,Overspeeding,Low,2024-03-07 00:00:00,L7,17.40181585664138,78.4632456727347
V273,VH7856,Wrong Parking,Low,2024-01-04 23:40:00,L12,17.410734574470705,78.43810905469462
V274,VH7127,Signal Jump,High,2024-01-30 06:20:00,L27,17.34732420298042,78.488968707555
V275,VH7237,Wrong Parking,Medium,2024-02-08 15:46:00,L15,17.373911528898972,78.52548644869611
V276,VH6590,Overspeeding,Medium,2024-03-01 07:35:00,L28,17.42942571983694,78.47237359104805
V277,VH8081,Seat Belt Violation,Medium,2024-02-04 16:34:00,L29,17.41926642264202,78.46190561962834
V278,VH6413,Signal Jump,High,2024-02-14 13:31:00,L2,17.4235838082094,78.50940670194099
V279,VH7551,Seat Belt Violation,High,2024-03-06 11:34:00,L1,17.388696925848773,78.51948467452277
V280,VH5499,Overspeeding,Low,2024-01-16 23:15:00,L27,17.422884661826043,78.47506146535028
V281,VH9553,No Helmet,High,2024-01-26 11:37:00,L4,17.347783118812686,78.43712021208515
V282,VH8465,No Helmet,Low,2024-02-18 19:23:00,L6,17.420286633049596,78.4529179650497
V283,VH9899,Overspeeding,High,2024-02-10 22:24:00,L9,17.3972793745975,78.52620182613848
V284,VH2292,Seat Belt Violation,Medium,2024-02-23 14:01:00,L22,17.42910372636368,78.484530716867
V285,VH9048,Wrong Parking,High,2024-01-07 18:20:00,L15,17.391526287035532,78.51146598420398
V286,VH9784,Signal Jump,Medium,2024-01-16 19:57:00,L21,17.392058757365778,78.46753340864161
V287,VH4719,No Helmet,High,2024-03-09 04:01:00,L28,17.418595796572617,78.45944452245001
V288,VH3790,Signal Jump,Medium,2024-02-24 13:29:00,L27,17.37771339850062,78.46248206354954
V289,VH2502,Wrong Parking,Medium,2024-01-13 05:31:00,L1,17.38179200723034,78.53278279132792
V290,VH7248,No Helmet,Medium,2024-03-08 08:28:00,L25,17.36004983882578,78.46693184319557
V291,VH9564,Seat Belt Violation,Medium,2024-01-30 08:12:00,L17,17.40135774302477,78.49684927816268
V292,VH7890,Wrong Parking,Low,2024-01-29 03:46:00,L16,17.386273002844284,78.45298186467434
V293,VH5704,Wrong Parking,Medium,2024-01-07 02:03:00,L23,17.37429437894633,78.45001325427478
V294,VH1701,Seat Belt Violation,Medium,2024-01-27 03:38:00,L10,17.415103068346284,78.44034962671921
V295,VH1939,No Helmet,Medium,2024-01-09 05:06:00,L20,17.3396160194807,78.47880632690476
V296,VH6181,Signal Jump,High,2024-02-17 14:31:00,L30,17.39233845713439,78.4903428531003
V297,VH3472,No Helmet,Medium,2024-01-11 03:23:00,L23,17.386656584847177,78.46674919441527
V298,VH9091,Seat Belt Violation,High,2024-02-26 00:58:00,L11,17.432855448065684,78.47429902717072
V299,VH6860,No Helmet,High,2024-02-22 23:57:00,L22,17.432388723146236,78.4902638155856
V300,VH2767,Overspeeding,Medium,2024-03-04 03:42:00,L8,17.421898117973562,78.52213170944076
V301,VH9490,Overspeeding,Medium,2024-01-19 23:48:00,L27,17.348956227637743,78.47514216636286
V302,VH2357,Overspeeding,Medium,2024-02-15 15:18:00,L6,17.397926609002088,78.49286815231781
V303,VH5308,Seat Belt Violation,Low,2024-01-23 22:43:00,L19,17.362884892602573,78.44873111244921
V304,VH7392,Overspeeding,Medium,2024-01-17 07:05:00,L18,17.361908755796104,78.5176832093578
V305,VH3963,Overspeeding,High,2024-01-13 14:09:00,L17,17.401473931427777,78.47857997630064
V306,VH9164,Wrong Parking,Low,2024-02-06 00:06:00,L12,17.343090236524834,78.48748159048165
V307,VH6475,Signal Jump,Medium,2024-01-08 01:34:00,L30,17.361799570949195,78.47966491571836
V308,VH7275,Wrong Parking,Low,2024-01-27 09:53:00,L25,17.418577732615663,78.46489162493735
V309,VH6234,No Helmet,High,2024-02-22 05:56:00,L13,17.339825546714035,78.53038374153542
V310,VH8061,Signal Jump,High,2024-02-15 14:08:00,L1,17.401235165326998,78.45263932451616
V311,VH2714,Seat Belt Violation,Medium,2024-03-10 05:22:00,L23,17.378938649488216,78.44436447619634
V312,VH6388,Overspeeding,High,2024-01-14 13:41:00,L12,17.375964720727826,78.49749348745624
V313,VH7829,No Helmet,High,2024-02-19 01:43:00,L27,17.372515052995784,78.48068254285778
V314,VH6084,Overspeeding,Low,2024-01-01 02:41:00,L19,17.384190389434167,78.4473122450366
V315,VH5932,Seat Belt Violation,High,2024-02-01 08:51:00,L12,17.347354445812957,78.45285719976755
V316,VH2177,Signal Jump,Medium,2024-01-03 15:46:00,L18,17.416553897283727,78.44280655203424
V317,VH3741,No Helmet,High,2024-01-10 18:07:00,L6,17.427724560037102,78.51248514662497
V318,VH1272,Overspeeding,High,2024-01-09 01:24:00,L10,17.403435784741458,78.4393409164709
V319,VH8092,Signal Jump,Low,2024-01-19 19:06:00,L8,17.346429619987006,78.44686818001581
V320,VH7568,No Helmet,Low,2024-02-06 21:49:00,L25,17.376174426277693,78.45833376803972
V321,VH8567,No Helmet,Low,2024-03-06 14:36:00,L9,17.364239898078075,78.44260007675152
V322,VH7857,Overspeeding,High,2024-01-23 14:43:00,L17,17.4267974998237,78.52253586945197
V323,VH4245,No Helmet,Low,2024-01-22 23:10:00,L21,17.347156744406256,78.51104059217664
V324,VH7042,Wrong Parking,High,2024-02-04 00:15:00,L20,17.379943131746142,78.47732863015823
V325,VH2826,No Helmet,Medium,2024-02-08 09:14:00,L10,17.36636593825189,78.46612465251403
V326,VH9622,Signal Jump,High,2024-02-09 05:00:00,L23,17.400975013592547,78.47960852352016
V327,VH2414,Wrong Parking,Low,2024-02-23 17:08:00,L9,17.4081674772519,78.43802709298939
V328,VH5317,Seat Belt Violation,High,2024-01-17 12:46:00,L24,17.337473589839846,78.44756558739891
V329,VH1232,No Helmet,High,2024-02-15 16:50:00,L18,17.40691439520928,78.51211157289902
V330,VH2375,No Helmet,Medium,2024-02-15 14:18:00,L29,17.340155157503283,78.45712291760907
V331,VH4447,Signal Jump,Medium,2024-02-12 03:33:00,L25,17.363794280663754,78.51884803116054
V332,VH6782,Seat Belt Violation,High,2024-01-12 12:22:00,L6,17.43343234626037,78.4757169183348
V333,VH9914,No Helmet,High,2024-01-10 21:18:00,L20,17.370109475020524,78.46997589546592
V334,VH6600,Seat Belt Violation,High,2024-01-11 22:18:00,L11,17.373442711805772,78.47714061716503
V335,VH1397,Seat Belt Violation,High,2024-01-29 01:24:00,L11,17.356158935898307,78.44017496938301
V336,VH6248,No Helmet,High,2024-02-15 22:56:00,L19,17.386891406084253,78.50546916129018
V337,VH3199,Seat Belt Violation,Low,2024-02-03 09:41:00,L10,17.369305098242403,78.46402446974012
V338,VH9357,No Helmet,Low,2024-02-09 20:58:00,L8,17.37982144230133,78.48519950973088
V339,VH6562,Wrong Parking,Medium,2024-01-05 17:26:00,L9,17.355283699354302,78.4537372574589
V340,VH2879,No Helmet,Low,2024-03-04 02:13:00,L22,17.364755475121406,78.47202464506005
V341,VH5718,No Helmet,Medium,2024-02-15 06:03:00,L30,17.33629171764601,78.4904151411128
V342,VH9689,Seat Belt Violation,High,2024-02-28 01:24:00,L17,17.383106637773,78.50170175486235
V343,VH1024,Seat Belt Violation,High,2024-01-01 08:58:00,L4,17.43338114513055,78.44432303256332
V344,VH1839,Overspeeding,High,2024-01-01 15:27:00,L18,17.400623678186484,78.45677210284603
V345,VH3987,Seat Belt Violation,Medium,2024-02-06 14:37:00,L30,17.370960405033415,78.46014946778273
V346,VH3730,Wrong Parking,Low,2024-02-08 03:50:00,L1,17.41106475896382,78.53612813861331
V347,VH8138,No Helmet,Low,2024-01-25 14:06:00,L15,17.420769531310125,78.48687313205673
V348,VH9752,No Helmet,Low,2024-01-26 22:48:00,L18,17.34134092471593,78.46788798210403
V349,VH8124,Signal Jump,Medium,2024-02-29 23:46:00,L30,17.42654448351503,78.50650184067294
V350,VH6225,Seat Belt Violation,High,2024-01-13 09:02:00,L5,17.39334565511013,78.53642723681625
V351,VH4114,Signal Jump,Low,2024-02-17 17:57:00,L17,17.418048555515565,78.46294065919422
V352,VH5238,Overspeeding,High,2024-01-23 14:44:00,L22,17.411405670983413,78.50008298970901
V353,VH6979,Seat Belt Violation,Medium,2024-01-21 14:57:00,L22,17.409518650887534,78.5307965744022
V354,VH7053,Seat Belt Violation,Medium,2024-02-02 04:53:00,L8,17.395330109691614,78.50722926404241
V355,VH9036,Wrong Parking,Medium,2024-02-03 02:54:00,L10,17.40513811679215,78.45994824009908
V356,VH9298,No Helmet,High,2024-01-22 08:18:00,L22,17.33767442786961,78.46733979311581
V357,VH1592,Signal Jump,Medium,2024-01-16 20:46:00,L23,17.417367701338804,78.51903894986921
V358,VH7720,Overspeeding,High,2024-01-28 22:19:00,L13,17.420344232257023,78.49372100279474
V359,VH9300,Signal Jump,Low,2024-02-01 05:21:00,L6,17.4254237588896,78.44566687213093
V360,VH5788,Wrong Parking,Medium,2024-01-30 19:25:00,L2,17.371369857240456,78.50095832654527
V361,VH8202,Seat Belt Violation,Medium,2024-01-29 12:05:00,L8,17.34640055212278,78.50050408350451
V362,VH9690,Signal Jump,High,2024-01-06 04:12:00,L25,17.393837218879455,78.47609872378034
V363,VH3257,Signal Jump,High,2024-01-17 14:26:00,L15,17.42111597390294,78.48964092536941
V364,VH1340,Wrong Parking,High,2024-01-10 19:26:00,L23,17.41580732359418,78.53392920560013
V365,VH8698,Signal Jump,High,2024-02-26 11:53:00,L26,17.428660978769567,78.49550991917997
V366,VH2882,No Helmet,High,2024-02-28 02:00:00,L2,17.434535015011726,78.50951215878942
V367,VH3355,Signal Jump,High,2024-01-18 21:54:00,L5,17.40557487849428,78.44499626453847
V368,VH9071,Signal Jump,Medium,2024-02-16 15:49:00,L1,17.355599583717044,78.46370003394485
V369,VH1342,Overspeeding,Medium,2024-03-01 11:00:00,L23,17.411341127159673,78.52190446169652
V370,VH2192,Signal Jump,Low,2024-02-18 19:36:00,L20,17.40610513004114,78.53606069786764
V371,VH4942,Seat Belt Violation,Low,2024-02-23 05:47:00,L18,17.432181154023013,78.44875502786452
V372,VH4550,Seat Belt Violation,Medium,2024-01-30 08:03:00,L24,17.42753688004061,78.52747892241399
V373,VH8042,Wrong Parking,High,2024-01-12 08:45:00,L8,17.433283758311074,78.49474200448181
V374,VH1833,Signal Jump,Low,2024-01-28 06:56:00,L1,17.380566210453953,78.53539563976197
V375,VH1350,Seat Belt Violation,Low,2024-03-02 06:34:00,L9,17.342458791699087,78.51121944585358
V376,VH6233,Overspeeding,Medium,2024-02-21 03:57:00,L21,17.342429430311817,78.53595831531199
V377,VH3136,Signal Jump,High,2024-02-12 15:52:00,L4,17.3697606190726,78.47990508464535
V378,VH4420,Wrong Parking,Low,2024-01-18 20:28:00,L16,17.38829978327907,78.49452470206262
V379,VH4231,Seat Belt Violation,Medium,2024-02-11 07:48:00,L17,17.36156664476065,78.53425468435837
V380,VH8980,Seat Belt Violation,High,2024-01-03 07:49:00,L9,17.340676548101865,78.44371690562765
V381,VH8845,Overspeeding,High,2024-02-29 16:51:00,L30,17.36074425536813,78.44105804318991
V382,VH6814,No Helmet,High,2024-03-04 23:11:00,L6,17.407845819592918,78.49437712887523
V383,VH8633,Overspeeding,Low,2024-02-08 12:18:00,L9,17.429313751874492,78.4618406651177
V384,VH6017,No Helmet,Medium,2024-01-17 06:53:00,L18,17.427844428551463,78.46192185493436
V385,VH4045,Overspeeding,Low,2024-03-06 14:33:00,L8,17.414953497095844,78.48602274397832
V386,VH5362,Wrong Parking,Medium,2024-01-10 14:51:00,L23,17.360864308491607,78.43740421954384
V387,VH7031,Signal Jump,High,2024-01-22 11:59:00,L20,17.37962367857418,78.48033217778159
V388,VH3722,No Helmet,Medium,2024-01-17 15:40:00,L9,17.348446378379556,78.50318068322822
V389,VH1513,Signal Jump,Low,2024-02-18 07:18:00,L14,17.386224457284495,78.48037339342368
V390,VH1088,Wrong Parking,Medium,2024-01-24 22:24:00,L16,17.365006458833108,78.43744432199541
V391,VH2239,Overspeeding,High,2024-01-29 16:56:00,L27,17.356494220029028,78.50513475083939
V392,VH4056,Signal Jump,Low,2024-01-06 20:30:00,L2,17.423454808495887,78.52888716081343
V393,VH6295,Seat Belt Violation,High,2024-03-09 15:57:00,L16,17.408680145996048,78.51546692077757
V394,VH1296,Signal Jump,Low,2024-02-29 01:22:00,L11,17.379491455144368,78.46049325566061
V395,VH4032,Wrong Parking,Low,2024-02-15 18:40:00,L18,17.346526905693818,78.5330292656947
V396,VH7030,No Helmet,Low,2024-01-17 16:34:00,L17,17.424070527370485,78.52848275065925
V397,VH7664,Overspeeding,Low,2024-01-12 22:57:00,L3,17.35970769202434,78.50678495966736
V398,VH1635,Signal Jump,Low,2024-01-22 03:51:00,L10,17.347595315990766,78.44176551547477
V399,VH7562,Seat Belt Violation,Low,2024-01-01 11:26:00,L7,17.372321986631857,78.53270805009475
V400,VH1555,Signal Jump,Low,2024-01-11 03:22:00,L27,17.35572404952601,78.52045447969368
V401,VH7227,Signal Jump,Medium,2024-02-28 22:01:00,L26,17.410772955438976,78.44413756441912
V402,VH9007,No Helmet,Medium,2024-02-13 06:03:00,L20,17.393367818416582,78.46892118199372
V403,VH9693,Signal Jump,High,2024-02-03 15:14:00,L24,17.349440925496623,78.48174824498017
V404,VH3684,Wrong Parking,Medium,2024-02-02 18:35:00,L29,17.425671128708718,78.50917776569982
V405,VH2450,Overspeeding,High,2024-02-22 06:14:00,L8,17.428156262876783,78.53279278935658
V406,VH9079,Signal Jump,Medium,2024-01-02 09:06:00,L18,17.35948876760863,78.45976828887464
V407,VH2524,Seat Belt Violation,Medium,2024-01-19 07:16:00,L14,17.417784875572057,78.5223743107805
V408,VH8954,Signal Jump,Low,2024-01-25 08:57:00,L1,17.348345823106477,78.44026257429549
V409,VH4926,Overspeeding,High,2024-01-18 14:40:00,L29,17.379949465341653,78.44640189008467
V410,VH7987,No Helmet,Medium,2024-02-08 19:12:00,L30,17.405750794338854,78.47716439359607
V411,VH3759,Wrong Parking,Low,2024-03-02 00:45:00,L16,17.410823645549904,78.44043093913655
V412,VH3091,Overspeeding,High,2024-01-03 00:14:00,L4,17.400812544548316,78.50912290251841
V413,VH1622,Signal Jump,Medium,2024-01-16 10:38:00,L15,17.434863252219802,78.45055642969778
V414,VH1458,Signal Jump,Low,2024-01-07 05:33:00,L10,17.35767420354667,78.51359682479236
V415,VH1298,Signal Jump,High,2024-02-27 10:37:00,L17,17.37386786799197,78.44618264019196
V416,VH5350,Signal Jump,High,2024-03-10 05:48:00,L24,17.422608036818268,78.4890310170916
V417,VH7779,Signal Jump,Low,2024-02-26 15:23:00,L27,17.395191842640315,78.49397736368834
V418,VH5435,Overspeeding,Medium,2024-02-03 02:12:00,L16,17.38320733517597,78.5322367510854
V419,VH2981,Wrong Parking,High,2024-01-08 05:03:00,L1,17.335838441222414,78.43695105715764
V420,VH9603,No Helmet,Low,2024-01-27 22:14:00,L17,17.352996452911228,78.52998428153525
V421,VH8902,Overspeeding,Low,2024-02-15 17:29:00,L13,17.38143516728851,78.5201451008118
V422,VH4276,No Helmet,Medium,2024-02-04 22:06:00,L26,17.400158174138276,78.48453031544635
V423,VH1409,Overspeeding,Medium,2024-02-04 13:43:00,L25,17.344414966632854,78.46878236874167
V424,VH9505,Seat Belt Violation,Medium,2024-02-17 21:11:00,L10,17.427246548371738,78.45227571447388
V425,VH7270,Seat Belt Violation,Low,2024-01-11 18:18:00,L2,17.39373029288173,78.4396205528216
V426,VH2141,Seat Belt Violation,Medium,2024-03-02 02:43:00,L26,17.336647597232005,78.4622947773164
V427,VH2400,Wrong Parking,Low,2024-02-07 16:13:00,L23,17.38277882399013,78.4424523739792
V428,VH8597,Overspeeding,Medium,2024-02-10 08:54:00,L16,17.419979479135858,78.51603322025935
V429,VH5486,Wrong Parking,Low,2024-03-07 19:54:00,L21,17.38255070706502,78.45687508259562
V430,VH7176,Seat Belt Violation,Medium,2024-03-02 17:45:00,L3,17.347682961753723,78.48738456176042
V431,VH3478,Signal Jump,High,2024-03-07 18:25:00,L5,17.381195749919748,78.50365899208221
V432,VH5929,Signal Jump,Medium,2024-01-22 14:01:00,L16,17.433704538692268,78.52403361120368
V433,VH6735,Seat Belt Violation,Low,2024-02-13 09:02:00,L2,17.414437993499813,78.46513395011833
V434,VH6679,Overspeeding,Low,2024-02-25 09:22:00,L20,17.418333112354386,78.47611130977683
V435,VH4833,Seat Belt Violation,High,2024-01-01 19:17:00,L14,17.424198708990502,78.53100640855767
V436,VH1813,Signal Jump,High,2024-02-28 07:14:00,L13,17.362700694484005,78.5291227262413
V437,VH8364,Wrong Parking,Low,2024-01-08 11:00:00,L28,17.410914982525412,78.52024004368582
V438,VH2126,No Helmet,Medium,2024-02-24 07:47:00,L1,17.363946677035113,78.44358605064068
V439,VH7099,Seat Belt Violation,Medium,2024-01-04 03:41:00,L14,17.406438058888625,78.5136309611246
V440,VH8918,Overspeeding,High,2024-02-27 07:11:00,L27,17.358171933412834,78.45029665761854
V441,VH4257,Seat Belt Violation,Medium,2024-01-26 01:47:00,L24,17.416442231873773,78.44052972214261
V442,VH3178,No Helmet,High,2024-02-20 05:21:00,L19,17.407678107196276,78.46311255060277
V443,VH8444,Wrong Parking,High,2024-01-09 13:26:00,L10,17.378306405448658,78.52074960304923
V444,VH9957,Wrong Parking,High,2024-03-04 17:56:00,L19,17.354274422526622,78.48066840249807
V445,VH5499,Wrong Parking,High,2024-01-25 04:07:00,L10,17.41425635866779,78.5178231399312
V446,VH8604,No Helmet,Low,2024-02-29 06:52:00,L9,17.374238170859233,78.46509201424202
V447,VH1766,No Helmet,Low,2024-02-04 22:40:00,L10,17.346085349421923,78.5355134741537
V448,VH4357,Seat Belt Violation,High,2024-02-23 01:50:00,L11,17.357145259530377,78.50550331321254
V449,VH7246,Wrong Parking,High,2024-01-31 11:26:00,L12,17.364006588037768,78.45247457893863
V450,VH1420,Seat Belt Violation,High,2024-02-18 05:21:00,L13,17.362461566632213,78.48653804019126
V451,VH5045,Wrong Parking,Medium,2024-01-08 00:16:00,L20,17.407759336412308,78.47219995931506
V452,VH2040,Overspeeding,Low,2024-02-27 16:48:00,L16,17.351730189582884,78.45757637019543
V453,VH5553,Seat Belt Violation,High,2024-03-01 13:36:00,L29,17.38007232334802,78.53150337670101
V454,VH7241,Seat Belt Violation,Low,2024-01-03 05:10:00,L10,17.351985274141043,78.47631559859009
V455,VH3189,Seat Belt Violation,High,2024-02-26 09:03:00,L20,17.426137391378713,78.5364963130743
V456,VH3942,Seat Belt Violation,High,2024-02-25 21:31:00,L14,17.433577693073204,78.50603245445748
V457,VH1439,No Helmet,High,2024-02-10 05:21:00,L4,17.410497650631658,78.50381795587289
V458,VH7746,Wrong Parking,High,2024-01-01 05:16:00,L1,17.387400043962447,78.5341706463706
V459,VH8558,Seat Belt Violation,Low,2024-02-05 02:51:00,L2,17.419697486156114,78.43971211886776
V460,VH5456,Wrong Parking,High,2024-02-21 21:08:00,L10,17.363939302413264,78.50585720151842
V461,VH5968,Signal Jump,Medium,2024-01-19 12:38:00,L25,17.34963436240978,78.53104137422253
V462,VH5436,Overspeeding,High,2024-01-03 08:03:00,L9,17.358937701843175,78.50977709840406
V463,VH5015,Overspeeding,High,2024-01-01 05:49:00,L14,17.392153912303268,78.51019103859818
V464,VH8381,Signal Jump,Low,2024-01-27 22:00:00,L15,17.361422773357383,78.45829961645599
V465,VH3949,Signal Jump,Low,2024-01-24 04:41:00,L22,17.393294540465853,78.48663101111462
V466,VH8413,Overspeeding,Low,2024-01-07 08:32:00,L10,17.35203080782889,78.47371010148298
V467,VH5852,No Helmet,High,2024-02-07 06:11:00,L16,17.344701455126835,78.47013738378996
V468,VH6371,No Helmet,Medium,2024-02-10 18:58:00,L20,17.351051704061145,78.4520396356223
V469,VH8361,Seat Belt Violation,Low,2024-01-17 14:32:00,L24,17.38298595152113,78.49185033177757
V470,VH7405,Overspeeding,High,2024-02-02 19:25:00,L23,17.366863182292388,78.53479550875468
V471,VH3966,Overspeeding,Medium,2024-02-20 17:11:00,L5,17.34822949879862,78.50090393661335
V472,VH9585,Seat Belt Violation,Low,2024-03-09 23:01:00,L5,17.430624994764727,78.48893219573058
V473,VH4038,Seat Belt Violation,Low,2024-03-02 00:46:00,L5,17.351619490422216,78.4971096024905
V474,VH5440,No Helmet,Medium,2024-01-22 03:15:00,L24,17.41388446881319,78.53318667227397
V475,VH8722,Signal Jump,Medium,2024-01-29 18:34:00,L14,17.415875681043083,78.48900497192328
V476,VH7120,Overspeeding,Low,2024-01-31 19:40:00,L9,17.363586633280633,78.43829499528381
V477,VH5478,No Helmet,Low,2024-01-15 01:12:00,L16,17.406539898410255,78.48413037775255
V478,VH2918,Overspeeding,Low,2024-03-05 00:55:00,L20,17.40085542749722,78.44230145779234
V479,VH9668,Signal Jump,Low,2024-02-27 23:40:00,L1,17.347305446364032,78.4707861357219
V480,VH6017,No Helmet,High,2024-01-31 03:58:00,L27,17.34778657361913,78.53642916815537
V481,VH6140,Overspeeding,High,2024-02-05 17:14:00,L7,17.34146789115716,78.45860436626478
V482,VH4318,Wrong Parking,Medium,2024-02-20 16:10:00,L29,17.37768544934744,78.50847142149632
V483,VH1356,No Helmet,High,2024-01-13 12:18:00,L16,17.39133349574412,78.51866089269609
V484,VH1078,Wrong Parking,Medium,2024-02-29 05:13:00,L19,17.407152952966413,78.49927766732097
V485,VH4279,No Helmet,High,2024-02-26 10:41:00,L5,17.36808493861953,78.5261112736638
V486,VH9983,Wrong Parking,Medium,2024-02-01 05:24:00,L23,17.337056540367342,78.50401637302706
V487,VH6428,Wrong Parking,High,2024-01-04 15:01:00,L29,17.375438006861085,78.4805567212656
V488,VH7394,Seat Belt Violation,Medium,2024-02-09 13:26:00,L5,17.38206168358318,78.46469475600895
V489,VH4026,No Helmet,Medium,2024-02-14 03:12:00,L1,17.385779639444536,78.50821770607709
V490,VH2606,Seat Belt Violation,Low,2024-02-05 23:58:00,L14,17.380041042015993,78.51633440006303
V491,VH2559,No Helmet,High,2024-01-11 04:43:00,L15,17.360283535408904,78.53226414746759
V492,VH4931,Overspeeding,High,2024-03-09 19:45:00,L6,17.431136022105232,78.45081116633058
V493,VH2534,Wrong Parking,High,2024-01-30 00:11:00,L11,17.37071135809538,78.45690888397716
V494,VH6658,Seat Belt Violation,High,2024-01-10 00:48:00,L17,17.33874886176345,78.48763461041302
V495,VH1926,No Helmet,Medium,2024-02-06 10:51:00,L20,17.336727460069124,78.44675666212135
V496,VH1050,No Helmet,Low,2024-02-27 20:30:00,L3,17.37505183852238,78.50380540751671
V497,VH5115,Seat Belt Violation,Medium,2024-02-16 16:11:00,L1,17.401741144289595,78.49429519841993
V498,VH6008,Overspeeding,Low,2024-02-06 13:02:00,L9,17.373134894459014,78.5192837301721
V499,VH3047,Signal Jump,High,2024-01-29 03:40:00,L1,17.430482253254432,78.4553453215907
V500,VH4667,Signal Jump,Low,2024-02-21 07:36:00,L28,17.412977351074165,78.52351167194712
